vtd,name,ward,RegisteredVoters_2014_08,DEM_2014_08,REP_2014_08,STG_2014_08,LIB_2014_08,OTH_2014_08,NP_2014_08,TotPop_2010,PctPopUnder18Years_2010,PctBlackNonHispBridge_2010,PctWhiteNonHispBridge_2010,PctHisp_2010,PctAsianPINonHispBridge_2010,PctPoorPersons_2007_11,PctUnemployed_2007_11,Pct25andOverWoutHS_2007_11,AvgFamilyIncAdj_2007_11,PctOwnerOccupiedHsgUnits_2007_11,DemPrimary14_Shallal,DemPrimary14_Evans,DemPrimary14_Bowser,DemPrimary14_Wells,DemPrimary14_Gray,DemPrimary14_Orange,DemPrimary10_Fenty
3402500070,Aberdeen,Southern,5398,3919,409,47,6,15,1002,6886,17,61,23,3.7,12,35,20,22,86732,25,2.3,4.6,40.4,12.8,35.2,1.8,28.8
3400100100,Absecon,Southern,1242,670,149,6,0,8,409,6413,0.5,6.4,77,4.2,12,60,6,3.5,0,6.8,3,7.5,50.7,19.4,19.4,0,54.4
3401900550,Alexandria,Central,2337,1338,365,13,5,13,603,6086,2,9.1,71,6.1,13,27,2,2.7,207183,37,2.4,22,54.8,8.7,11.4,0.2,67.3
3404100670,Allamuchy,Northern,2926,1671,460,9,4,6,776,5260,2.2,4,76,7.5,12,20,4.2,2.4,218691,31,4.3,17.3,55.1,11.2,11.2,0,76.5
3400300700,Allendale,Northern,3687,2156,672,13,6,11,829,4890,12,2.4,86,6.1,4.9,6.3,1.6,0,382243,50,2.8,27.9,53.3,7.1,8.6,0.3,81.4
3402500730,Allenhurst,Southern,4525,2303,920,21,6,15,1260,11576,5.5,4.6,78,6.7,11,15,2.8,0.6,295100,63,2.9,29.6,50.8,8.4,7.4,0.6,82.6
3402500760,Allentown,Southern,2168,1201,400,18,1,2,546,2869,15,4.1,77,8.1,10,8.5,2.2,0.5,227283,61,4.6,14.7,63.5,7.7,8.4,0.5,79
3403300880,Alloway,Southern,3720,2343,610,24,5,7,731,5629,24,4.8,83,5.5,6.2,7.3,6.2,0.5,322484,79,1.8,12,66.1,5.8,13.6,0.6,77.6
3404101030,Alpha,Northern,2060,1100,485,8,2,6,459,5698,11,4,80,6.5,8.7,6.5,6.8,0,379276,83,1,15.1,66.8,6.8,10.1,0.3,80.6
3400301090,Alpine,Northern,2753,1689,420,13,3,7,621,5617,11,5.1,77,9.2,8.6,12,5.8,4.8,238816,50,3.7,14.4,60.8,6.7,13.6,0.3,76.7
3403701330,Andover Borough,Northern,5654,3292,945,39,5,7,1366,7551,8.1,4.4,80,8.1,7.1,8.7,3.7,3.9,156879,39,4.4,10.5,56.1,17.8,10.3,0.3,79.2
3403701360,Andover Township,Northern,859,457,192,2,0,2,206,1256,17,2.7,82,8.3,6.8,4.6,2.1,2.5,284476,62,1.1,10.8,65.9,6.3,15.3,0,77
3402501960,Asbury Park,Southern,2078,1349,260,7,2,,460,2599,8.4,4.9,78,9.1,7.6,3.1,5.2,4.3,248836,47,3.4,17.6,55.9,11.7,11,0.2,79.7
3400102080,Atlantic City,Southern,4277,2770,461,23,7,11,1005,6237,2.7,11,71,7.7,9.6,12,4.3,3.5,232995,33,4.3,13.6,49.9,15.7,15.1,0.7,79.3
3402502110,Atlantic Highlands,Southern,4179,2950,320,22,7,10,870,5487,2.7,3.9,77,8.5,11,8.3,2.5,1.7,172012,37,7.4,14.6,51.5,14.4,11.6,0.3,77.2
3400702200,Audubon,Southern,4772,3461,368,25,8,12,898,5919,6.2,17,67,7.6,7.5,10,4,3.7,233032,53,5.2,16.6,49.3,14.4,14,0.1,74.2
3400702230,Audubon Park,Southern,7091,4778,645,38,14,18,1598,10041,6.6,18,50,22,9.2,11,4,17,106882,21,4.5,17,45.7,13.1,18.3,1.1,65.6
3400902320,Avalon,Southern,5383,4189,251,40,6,11,886,5218,14,50,31,7.9,11,14,6.1,18,94060,31,2.5,10.8,32.5,14.6,37.5,1.4,46.5
3402502440,Avon-by-the-Sea,Southern,5184,4002,185,61,7,6,923,5219,15,63,27,6.6,3.6,14,7.1,9.9,92747,55,4.7,2,40.3,17,33.6,1.9,37.6
3402903050,Barnegat,Southern,1528,1291,30,6,2,7,192,2640,7.4,87,7.3,4.5,1.1,20,13,23,64637,55,4.3,4.3,35.1,14.2,37.9,2.4,43.3
3402903130,Barnegat Light Borough,Southern,1478,1150,59,18,1,2,248,1843,22,64,23,9.1,2.1,19,7.7,21,57091,35,2.7,9.1,36.8,17.6,31.4,2,55
3400703250,Barrington,Southern,4896,3595,313,30,6,7,945,5310,6.4,23,59,11,6.8,16,5.4,12,127203,36,4.5,6.4,48.6,19.7,19.5,0.9,70.1
3400503370,Bass River,Southern,3649,2716,174,52,5,5,697,4579,15,32,36,26,5.1,19,5.4,19,62897,28,2.9,5.3,47.6,18,23.9,1.6,58
3402903520,Bay Head Borough,Southern,3391,2385,226,32,6,5,737,4291,7.5,14,62,15,7.9,10,4.5,6.7,112690,30,4.9,6.3,53.4,20.2,14.8,0.3,73
3401703580,Bayonne,Central,5263,3686,408,62,5,6,1096,6542,6.1,6,78,9.1,6.7,3.9,4.1,1.8,183840,49,7.5,7.2,54,17.1,13.1,0.3,76.3
3402903940,Beach Haven Borough,Southern,4100,2820,354,26,3,3,894,4890,9.9,3.3,80,8,8.7,7.8,2.1,0.8,297303,34,3.8,6.1,64.6,12.8,12.3,0.1,79.5
3402904180,Beachwood,Southern,3300,2399,281,18,6,4,592,3950,16,3.7,82,7.3,6.1,9.2,2.8,5.4,315806,66,5.4,6.8,65.4,10.6,10.7,0.1,75.9
3403504450,Bedminster,Central,3598,2266,528,33,8,5,758,4857,8.1,5.6,78,8.6,7.3,2.6,3.2,4.8,164989,56,4,11.6,64.9,9.9,8.8,0.6,74.2
3401304695,Belleville,Central,1813,1192,238,9,1,7,366,2670,9.5,8.9,75,7.8,7.9,15,3,8.4,249819,60,4,8.2,61.4,12.7,12,1.4,75.5
3400704750,Bellmawr,Southern,1757,1245,220,15,3,3,271,3067,20,4.9,79,7.5,8.6,5.5,2.5,2.1,232578,89,2.9,8.9,67,9.9,10.4,0.3,81.2
3402504930,Belmar,Southern,3229,2335,308,22,2,8,554,4475,21,4.7,81,6.5,7.5,5.1,2.5,1,187840,74,3.3,7.5,67.9,10.8,10,0,80.6
3404104990,Belvidere,Northern,3609,2659,313,22,3,3,609,4612,17,6.7,79,6.4,7.2,6.9,1.3,3.6,233141,76,4.5,7,66.8,9.5,11.6,0.3,78.7
3400305170,Bergenfield,Northern,3946,2841,334,32,6,9,724,5175,14,6.2,76,7.9,8.9,7.5,3,2.3,199705,54,3.6,7.5,63.3,13.8,10.9,0.5,78.4
3402905305,Berkeley,Southern,5151,3494,474,27,10,7,1139,6731,3.5,5.9,76,7,10,7.4,3.6,0.1,183465,31,6.9,8.9,55.1,17.1,11,0.6,73.2
3403905320,Berkeley Heights,Central,4567,3341,213,61,4,6,942,5593,7.6,17,61,16,5.7,6.3,7,5.7,118120,26,7.9,4.5,45.5,22.2,18.5,1.1,69.8
3400705440,Berlin borough,Southern,5659,4190,267,64,2,10,1126,8306,16,44,27,25,4.3,20,6.3,29,62910,20,5.1,4.3,47.1,16,25.8,1.6,50.3
3400705470,Berlin township,Southern,3962,3079,128,51,4,6,694,5971,9.6,69,16,11,3.7,21,13,17,75954,46,4,3.7,36.2,15.2,38.4,1.5,40.5
3403505560,Bernards,Central,3600,2690,139,56,4,8,703,4627,19,48,17,32,2.9,12,8.2,23,92593,58,4.1,2.6,41.8,16.5,31.6,2.6,35.7
3403505590,Bernardsville,Central,5414,4114,213,85,5,13,984,6814,15,25,46,24,4.4,15,8.7,18,135490,37,7.6,6,44.9,19.9,20.1,0.9,65.2
3401905650,Bethlehem,Central,5254,3841,203,96,5,19,1090,6772,11,23,46,24,6.4,12,6.8,13,118068,26,6.7,4.7,46.6,20.9,19.5,0.9,63.7
3400505740,Beverly,Southern,4589,3307,186,63,8,15,1010,6490,16,31,24,40,4.7,22,9.4,27,57743,23,5.9,3.4,36.1,18.5,33.3,2.1,47.7
3404106160,Blairstown,Northern,2321,1761,65,31,2,6,456,2888,16,32,30,33,3.7,15,7.9,21,74069,39,5,4.6,42.9,21.8,24.6,0.8,50.5
3401306260,Bloomfield,Central,2117,1659,69,18,2,3,366,2386,17,56,19,23,1.8,15,8.1,25,82065,55,3,1.4,40.4,13.9,38,2,32.3
3403106340,Bloomingdale,Northern,3705,2812,208,30,4,13,638,6079,14,62,21,14,1.9,24,7.7,20,68447,19,2.6,2.7,33.7,5.3,49.4,5.2,22.7
3401906370,Bloomsbury Borough,Central,2680,2141,76,32,5,6,420,3055,19,63,17,18,2,15,16,16,79708,67,2.7,2.3,46,12.1,35.1,1.5,34.5
3400306490,Bogota,Northern,3392,2773,69,30,3,9,508,4008,19,71,11,16,1.6,13,15,16,79601,69,2.9,2.4,48.1,8.7,35.2,2.3,32.5
3402706610,Boonton,Northern,3780,2896,135,40,4,10,695,5748,19,39,17,40,2.3,12,9.6,24,103056,32,4.8,2.6,45.9,11.6,32.7,2,43.7
3402706640,Boonton Township,Northern,3400,2695,131,30,2,6,536,4112,18,56,24,17,2,22,18,13,135230,70,4.3,3,49.2,6.4,34,2.9,43.3
3400506670,Bordentown city,Southern,1094,857,35,15,0,4,183,1439,19,52,18,27,2,14,12,20,57845,37,5.5,4.8,45.8,10.3,29.7,3.3,41.7
3400506700,Bordentown Township,Southern,2829,2044,289,14,5,9,468,3840,18,10,71,8.7,8.9,5,2.4,6.9,228113,56,2.4,7.1,68.5,9.7,10.7,1.3,77.8
3403506790,Bound Brook,Central,4435,3232,545,20,2,6,630,5789,26,10,80,4.9,3.8,2.3,0.7,2.5,254548,87,2.8,4.8,70.9,7.3,13.6,0.2,76.4
3402506970,Bradley Beach,Southern,1673,1270,176,5,0,3,219,2174,24,13,78,5.5,3.6,4.8,4.3,3.5,302934,82,1.7,5.2,74.5,6.1,11.4,0.7,76.8
3403507180,Branchburg,Northern,1591,1232,72,19,1,6,261,2340,19,50,19,27,2.9,7.9,5.6,17,109853,39,5.7,3.1,46,3.7,38.1,2.6,39.1
3403707300,Branchville Borough,Northern,2894,2300,89,30,2,4,469,3557,22,60,16,21,1.9,12,11,17,112553,65,4.3,3,47.6,4.7,38.2,1.6,36.3
3402907420,Brick,Southern,2875,2360,65,22,1,7,420,3603,20,72,6.3,20,1.6,7.4,17,21,74148,65,2.2,1.9,42.4,6.4,44.8,1.3,30.7
3401107600,Bridgeton,Southern,3811,3025,83,32,1,11,659,5569,22,61,5.9,32,1.6,16,14,28,72582,58,2.3,1.5,45.4,4.2,42.7,3,27
3403507720,Bridgewater,Central,3037,2489,72,34,3,13,426,4101,22,75,5.6,17,0.9,15,11,17,68465,44,3.4,1.6,45.2,3.6,43.1,1.6,27
3402507750,Brielle,Southern,2701,2262,55,17,2,4,361,3414,21,78,3.5,17,1.5,11,11,16,81883,57,4.1,1.2,42.7,3.5,45.2,2.4,26.6
3400107810,Brigantine,Southern,3082,2553,81,32,5,9,402,3419,20,73,9.9,15,1.2,3.6,8.8,14,83655,89,2.2,3.9,45.1,5.1,40.2,3.2,33.1
3400708170,Brooklawn,Southern,2902,2127,76,23,2,6,668,5089,22,64,4.2,30,1.8,20,14,29,51448,13,2.6,2.6,45.7,2.8,42.9,3,25.9
3400108680,Buena,Southern,1935,1596,49,12,0,1,277,2905,19,73,5.8,19,1.7,22,13,21,72620,39,3.1,2.5,43.8,2.8,43.8,3.8,29.8
3400108710,Buena Vista,Southern,3620,3118,126,27,1,2,346,4312,17,65,27,5.7,2,4.6,4.7,4.9,176023,86,3.1,1.9,45.8,2.5,45,1,36.4
3400508920,Burlington City,Southern,4198,3402,128,50,1,12,605,4991,16,58,25,13,3.3,13,14,11,106338,54,5.1,1.9,47.9,7.4,36.2,1,42.4
3400508950,Burlington Township,Southern,2589,2203,52,15,3,5,311,2860,17,82,6.8,9.8,1,11,10,12,78151,73,2.4,1.7,46,4.2,43.6,1.7,28.7
3402709040,Butler,Northern,2871,2477,58,22,4,6,304,3288,18,88,2.5,9.2,0.5,7.3,7.4,16,87595,80,1.3,2.2,44.4,1.9,47.9,2,25.7
3403709160,Byram,Northern,5103,4464,99,39,2,9,490,5817,17,88,5.1,5.5,1,6.8,15,12,87449,76,1.9,2.1,33.4,3,54.7,4.4,17.5
3401309250,Caldwell,Central,3483,2962,99,25,0,7,390,3747,16,85,10,3.3,1.5,16,14,12,89735,86,2.4,2.6,30.9,4.1,53,6.3,19.8
3401909280,Califon Borough,Central,2437,1880,137,25,6,8,381,4798,8.4,40,50,5.9,3.8,20,12,12,72748,46,5.9,2.9,36.6,10.9,38.8,4.3,32.7
3400710000,Camden,Southern,2450,2098,67,14,2,11,258,2703,17,86,6.7,5.3,1.3,9.8,19,7.9,91627,74,3.4,2.2,28.3,2.9,58.4,4.4,18.4
3400910270,Cape May,Southern,1728,1432,63,21,1,3,208,2015,19,78,12,7.6,1.8,14,15,9.5,98764,73,6.1,1.3,30.8,8.2,47.7,5.6,22.6
3400910330,Cape May Point Borough,Southern,2767,2347,55,25,1,8,331,3083,20,85,5.9,8.2,0.5,13,19,11,99276,75,3.7,2.2,32.8,4.3,51,5.1,19.4
3400310480,Carlstadt,Northern,5246,4364,110,25,3,17,727,6249,23,91,3,4.8,0.3,25,17,26,65070,45,1.3,2.5,32.2,4.7,53.7,4.6,17
3403310610,Carneys Point,Southern,2343,1880,85,27,4,6,341,2548,18,63,26,8.7,2.2,14,8.1,11,113262,73,4.6,3.3,39.8,12.1,36.5,3.2,31.3
3402310750,Carteret,Central,5127,4088,199,57,2,9,772,6761,17,73,16,9.7,1.6,20,18,26,58705,30,4.4,1.6,35.2,10.8,43.7,3.9,23.8
3401311200,Cedar Grove,Central,4178,3262,141,57,5,6,707,4055,18,79,14,5.4,1.8,15,16,21,75143,56,4.1,2.4,38,15,37.7,2.4,24.8
3402712100,Chatham Borough,Northern,1663,1338,62,13,0,4,246,2554,18,62,25,8.8,3.2,46,18,24,45676,28,0.6,1.2,38.3,4.8,47.9,4.8,17.2
3402712130,Chatham Township,Northern,3345,2747,90,29,2,9,468,4165,20,88,6.5,4.1,1,30,20,20,60712,42,1.3,1.8,32.2,14.4,45.5,4.2,22.3
3400712280,Cherry Hill,Southern,3422,2869,79,35,0,8,431,4515,23,94,2.1,3.1,0.3,32,21,30,41198,23,0.8,0.8,31,5.7,55.8,5.7,17.3
3400712550,Chesilhurst,Southern,2331,1918,73,15,1,9,315,3309,22,97,0.8,1.8,0.3,28,25,33,43375,10,0.4,1.6,35.2,7.5,48.2,5.9,14.1
3402712580,Chester Borough,Northern,1876,1517,83,16,0,5,255,5404,12,87,3.8,7.5,0.7,24,11,29,57192,68,2.6,1.4,27.7,13.5,47.8,5.4,17.1
3402712610,Chester Township,Northern,6050,4698,353,41,3,15,940,6606,22,69,25,3.8,1.6,26,12,16,91789,51,2.9,1.5,34.3,29.4,29.6,1.7,38.8
3400512670,Chesterfield,Southern,3390,2539,252,26,5,10,558,3407,13,50,42,4.9,2.8,9.9,12,13,89090,43,2.9,2,31,34.8,26.9,1.7,45.4
3400512940,Cinnaminson,Southern,5332,3867,457,35,12,9,952,4812,13,49,42,4.4,4,14,7.5,9.2,101232,54,2.9,2.1,33.1,33.6,26.4,1.2,41.7
3401313045,City of Orange,Central,2979,1982,424,25,4,7,537,3318,11,16,76,3.9,3.9,8.4,1.2,3.2,167658,58,2.3,2.6,43.4,36.7,13.6,0.7,70.5
3403913150,Clark,Central,3887,2623,500,23,5,7,729,4372,11,14,77,4.2,4.3,6,2.6,1.9,204467,55,2.8,2.8,40.3,41.7,11.8,0.3,72.6
3401513360,Clayton,Southern,3059,2263,275,27,1,8,485,3031,14,39,53,3.8,3.5,8.6,7,11,137737,62,1.6,1.9,38.1,33.7,23,1.3,53.3
3400713420,Clementon,Southern,3522,2721,231,19,1,7,543,3356,14,57,36,4.2,2.8,10,7.8,12,113039,56,2.5,1.4,37.6,30.3,26,1.9,44
3400313570,Cliffside Park,Northern,3011,2155,299,14,3,8,532,3245,13,14,78,3.7,4,3,1.9,3.5,195192,61,4.1,2.2,44.5,34,14.6,0.3,72.8
3403113690,Clifton,Northern,4001,2546,653,23,10,6,763,4812,11,5.4,85,4.7,4.8,5.9,2.6,2.4,257242,46,3,3,40.2,46,7.3,0,77.7
3401913720,Clinton Town,Central,2360,1601,268,11,3,7,470,3002,7.7,15,76,5.5,3.3,6.1,3.2,1.3,178349,51,3.1,3.1,40,45.1,8.2,0.3,75.3
3401913750,Clinton Township,Central,5470,4092,358,38,5,17,960,5617,18,48,43,4.9,3.6,28,12,15,129252,52,2.2,2,34.6,39.2,20.2,1.1,54.1
3400313810,Closter,Northern,1929,1628,40,11,1,5,244,2445,35,97,0.7,1.5,0.3,41,16,24,42821,38,1.2,2.7,29.2,2.1,57.8,6,15.4
3400714260,Collingswood,Southern,1854,1571,43,15,1,5,219,2347,23,95,0.9,3.2,0.1,20,23,7.7,72339,47,1.7,1,29.3,2.3,61,4.3,20.6
3402514560,Colts Neck,Southern,2418,2062,48,17,0,3,288,2870,27,96,1.2,2.8,0.1,38,20,24,34755,44,0.9,3.2,36.3,1.5,50.4,5.6,17.7
3401114710,Commercial,Southern,2090,1729,41,17,0,1,302,2452,25,96,0.6,2.1,0.6,34,18,21,41910,30,2.4,2.4,30.1,3.1,57.4,2.8,20.5
3400115160,Corbin City,Southern,2866,2398,67,23,0,8,370,3333,31,96,0.7,2.3,0,43,29,37,50868,34,1.5,1,29.7,2,60.8,3.5,17.1
3402315550,Cranbury,Central,1793,1541,37,16,0,3,196,2295,34,97,0.8,2.1,0.2,29,21,20,48046,35,1.3,2.9,29.6,3.3,56.7,3.3,20
3403915640,Cranford,Central,2155,1829,43,22,0,4,257,2467,21,97,0.4,1.9,0.2,27,25,20,66058,58,0,0.8,29.8,2.3,61.1,4.7,14.4
3400315820,Cresskill,Northern,1788,1488,40,15,1,5,239,2029,23,94,0.8,4,0.3,26,28,18,40151,31,0.7,3.2,32.9,5.4,53.8,3.2,23.2
3402516660,Deal,Southern,2558,2214,43,17,1,4,279,3280,30,98,0.6,1.2,0.1,39,21,20,29512,6.8,0.7,1,37.2,1.7,55.7,3,12.9
3401116900,Deerfield,Southern,1941,1699,31,18,0,5,188,1962,19,96,1.1,2.8,0.2,16,16,11,65024,78,1,3.4,30,3,57.6,3.9,16.6
3400517080,Delanco,Southern,2908,2515,50,21,0,4,318,3373,22,97,0.5,1.8,0.4,15,14,15,69737,33,2.8,2.8,28.6,3.2,58.3,3.8,12.6
3401917170,Delaware,Central,4388,3674,97,38,2,11,566,5426,29,96,0.5,3.4,0.2,33,19,16,62745,41,1.8,1.6,29.5,4,58.5,4.3,15.1
3400517440,Delran,Southern,3629,3069,79,24,0,11,446,4477,28,94,0.8,4.6,0.4,22,20,18,45726,32,1.1,1.3,32.1,2,60.5,2.6,14.5
3400317530,Demarest,Northern,2898,2424,61,22,1,3,387,3570,30,97,1,1.7,0.1,21,19,12,57353,46,1.9,1.9,28.3,2.3,61.6,2.8,14.2
3400917560,Dennis,Southern,3577,3021,67,23,0,8,458,4024,25,96,1.2,1.8,0,12,17,18,68455,60,1.2,2.6,29.6,3.4,57.8,4.2,16.3
3402717650,Denville,Northern,2318,1945,58,15,0,5,295,2997,34,98,0.6,1.4,0,27,17,29,35942,2.8,0.4,1.1,37.2,2.3,53.6,3.1,14.3
3401517710,Deptford,Southern,1300,1143,27,6,0,,124,1363,16,94,3.2,1.7,0.2,9.6,9.5,4.7,87157,74,1.1,1.8,25.7,2.2,65,3.8,17.1
3402718070,Dover,Northern,1086,955,33,7,0,1,90,1148,16,93,4.7,1.7,0.4,8.3,9,4.4,118637,90,2.2,1.9,19,1.9,72.3,2.2,14
3401118220,Downe,Southern,4318,3787,92,25,2,7,405,4793,19,95,2.6,1.6,0.4,21,18,15,66175,71,1.3,2.3,28.7,2.5,61.3,3.1,16.9
3400318400,Dumont,Northern,2973,2520,58,24,0,8,363,3416,20,96,1.5,2.2,0.3,18,16,14,55589,24,2.4,2.2,26.2,2.6,61.2,4.6,13.8
3402318490,Dunellen,Central,2382,2032,53,9,0,7,281,3031,19,97,1.1,1.3,0.4,30,15,18,50616,22,0.9,1.9,28.1,1.7,63.3,3.5,14.7
3402918670,Eagleswood,Southern,2612,2256,58,21,0,3,274,3241,18,91,6.2,1.9,0.3,16,13,9.6,83185,42,1.3,1.5,22.6,3.3,67,3.6,11.9
3401918820,East Amwell,Central,3724,3058,105,25,1,19,516,4827,33,97,1.3,0.9,0.2,44,17,25,34139,21,3.3,2.6,25.4,4.2,58.6,4.8,15.8
3402319000,East Brunswick,Central,3439,2754,64,19,4,9,589,4484,31,98,0.7,1.2,0.2,48,20,23,35141,22,0.9,1.9,35,3.3,53.3,4.2,18.8
3401519180,East Greenwich,Southern,4362,3674,96,34,1,13,544,6400,33,98,0.4,0.9,0.2,37,23,21,38453,12,1.1,4.4,36.2,0.9,51.7,3.7,16.1
3402719210,East Hanover,Northern,2132,1784,40,13,0,9,286,3310,37,97,0.9,1.9,0.3,41,14,22,38372,19,0.4,1.2,42.6,1.9,50,3.1,17
3401719360,East Newark,Central,3018,2537,59,27,1,7,387,4433,37,97,0.5,1.9,0.1,41,24,21,36194,16,0.8,2.8,30.4,2.3,59.2,4.1,15.8
3401319390,East Orange,Central,3511,2816,105,43,0,9,538,4344,30,96,2,1.5,0.4,40,22,27,41353,19,1.7,3.1,27.4,2.6,60.1,3.7,15.2
3400319510,East Rutherford,Northern,2112,1789,28,13,0,5,277,3053,34,97,1.1,1.2,0.2,38,28,24,52051,36,4.3,2.3,31.8,2.3,55.9,2,12.1
3402119780,East Windsor,Southern,3751,3171,73,31,1,9,466,5256,30,98,0.5,1.2,0.3,43,30,24,44327,27,2,1.7,29.9,2.8,57.1,4.8,15.8
3400518790,Eastampton,Southern,1931,1645,39,13,0,5,229,2725,29,97,0.5,2.1,0.1,24,22,22,55904,33,1.6,3.2,33.1,3.8,54.3,3.5,13.5
3402519840,Eatontown,Southern,2713,2230,91,26,3,12,351,5985,28,67,24,6.3,2.4,20,20,12,57026,21,2.8,2.6,27.8,3.1,57.1,5.9,14.6
3400320020,Edgewater,Northern,2948,2528,53,13,1,4,349,3712,25,97,1.3,1.1,0.4,26,27,18,46032,32,2.2,1.8,27.1,2.6,62.3,3,12.3
3400520050,Edgewater Park,Southern,5387,4499,116,34,0,11,727,7417,32,98,0.4,0.9,0.1,42,27,16,27959,12,2,1.7,35.5,3.3,52.7,3.3,15.5
3402320230,Edison,Central,4485,3649,117,33,1,17,668,6900,25,92,4.3,2.7,0.9,39,20,13,41188,25,1.7,2.3,34.3,3.2,53.6,3.2,15.9
3400120350,Egg Harbor City,Southern,5021,3897,272,49,8,11,784,5854,16,62,29,4.2,3.5,23,12,10,67781,58,3.1,3.9,36,22.5,33,1,37.3
3400120290,Egg Harbor Township,Southern,3068,2228,204,28,4,5,599,3644,13,56,29,6.5,7.4,18,6.4,6.9,107510,24,3.6,4.9,37.1,23.4,29.4,0.8,43.8
3403921000,Elizabeth,Central,3076,1991,325,10,8,5,737,4489,7.2,17,54,13,15,14,3.9,10,163199,37,3.1,17.5,41.8,16.1,21.1,0.4,58.6
3401521060,Elk,Southern,1434,808,320,9,3,3,291,2089,7.8,9.3,80,4.5,5.8,5.8,3.5,0.8,205162,51,1.6,2.3,45.9,41.6,7.2,0.3,74.4
3403321240,Elmer,Southern,2844,1823,417,12,6,6,580,2794,4.9,32,57,5.5,6,10,5.5,11,101960,28,1.6,2.3,37.8,31.3,25.2,1.2,55.7
3400321300,Elmwood Park,Northern,2681,2239,59,17,0,4,362,3036,25,98,0.4,1.7,0.1,33,23,8.9,42625,28,0.8,2.3,29.6,2.1,60,3.9,14.2
3403321330,Elsinboro,Southern,1565,1334,39,13,0,3,176,1785,20,93,4.9,0.8,0.6,17,20,9.5,76436,58,1.1,2.6,26.7,2.3,62.5,4.3,19.5
3400321450,Emerson,Northern,2410,2085,37,21,0,4,263,3511,29,97,0.9,1.1,0.1,40,20,18,57694,14,0.5,2.1,32.9,1,61.2,1.8,20.5
3400321480,Englewood,Northern,3671,2931,174,44,3,11,508,3959,12,68,24,4.3,2.8,18,13,11,170813,74,3.8,3.8,38.1,13.8,36.7,2.6,36.8
3400321510,Englewood Cliffs,Northern,1285,845,120,7,2,1,310,1735,6,5.5,79,6.8,8.1,15,3,1.6,178895,21,3.4,2.5,61.9,17.8,13.6,0.8,79
3402521570,Englishtown,Southern,1229,940,63,8,0,4,214,1253,12,36,45,13,4.5,14,5.3,12,123232,53,4,6.3,41.1,18.2,28.1,1.7,53.4
3401321840,Essex Fells,Central,2915,2099,279,21,3,5,508,4265,13,10,72,7.2,10,12,4.2,2.9,277202,28,4.9,7.8,58.9,10.3,17.2,0.4,71.9
3400121870,Estell Manor,Southern,2368,2106,40,8,1,4,209,2732,11,91,3.7,2.8,2.6,17,2.6,23,110968,36,2.3,2,28.9,2.2,56.9,7.4,19.2
3400522110,Evesham,Southern,2102,1773,58,9,0,7,255,2489,22,96,1.6,1.6,0.5,17,20,21,59899,48,0.5,2.4,30.5,2.7,60.4,3,16.8
3402122185,Ewing,Southern,3113,2197,243,10,7,8,648,3831,4.4,12,71,11,6.9,15,3.6,7.1,114877,36,4.1,8,52.3,16.9,18.1,0.5,76.5
3402522440,Fair Haven,Southern,1866,1336,158,14,1,3,354,2094,5.5,40,48,5.4,5.9,9.4,4.5,0.5,143673,35,3.4,4.8,35.4,25.4,28.6,1.2,47.3
3400322470,Fair Lawn,Northern,2553,1562,383,9,4,5,590,4055,3.4,16,64,7.7,12,24,8.9,12,208324,24,2.8,9.2,48.5,16,20.2,1.8,62.6
3401122350,"Fairfield, Cumberland Co.",Southern,,,,,,,,,,,,,,,,,,,,,,,,,
3401322385,"Fairfield, Essex Co.",Central,,,,,,,,,,,,,,,,,,,,,,,,,
3400322560,Fairview,Northern,,,,,,,,,,,,,,,,,,,,,,,,,
3403922860,Fanwood,Central,,,,,,,,,,,,,,,,,,,,,,,,,
3403522890,Far Hills,Central,,,,,,,,,,,,,,,,,,,,,,,,,
3402522950,Farmingdale,Southern,,,,,,,,,,,,,,,,,,,,,,,,,
3400523250,Fieldsboro,Southern,,,,,,,,,,,,,,,,,,,,,,,,,
3401923700,Flemington,Central,,,,,,,,,,,,,,,,,,,,,,,,,
3400523850,Florence,Southern,,,,,,,,,,,,,,,,,,,,,,,,,
3402723910,Florham Park,Northern,,,,,,,,,,,,,,,,,,,,,,,,,
3400123940,Folsom,Southern,,,,,,,,,,,,,,,,,,,,,,,,,
3400324420,Fort Lee,Northern,,,,,,,,,,,,,,,,,,,,,,,,,
3403724810,Frankford,Northern,,,,,,,,,,,,,,,,,,,,,,,,,
3401524840,Franklin Lakes,Northern,,,,,,,,,,,,,,,,,,,,,,,,,
3401924870,"Franklin, Gloucester Co.",Southern,,,,,,,,,,,,,,,,,,,,,,,,,
3403524900,"Franklin, Hunterdon Co.",Central,,,,,,,,,,,,,,,,,,,,,,,,,
3403724930,"Franklin, Somerset Co.",Central,,,,,,,,,,,,,,,,,,,,,,,,,
3404124960,"Franklin, Sussex Co.",Northern,,,,,,,,,,,,,,,,,,,,,,,,,
3400324990,"Franklin, Warren Co.",Northern,,,,,,,,,,,,,,,,,,,,,,,,,
3403725140,Fredon,Northern,,,,,,,,,,,,,,,,,,,,,,,,,
3402525200,Freehold Borough,Southern,,,,,,,,,,,,,,,,,,,,,,,,,
3402525230,Freehold Township,Southern,,,,,,,,,,,,,,,,,,,,,,,,,
3404125320,Frelinghuysen,Northern,,,,,,,,,,,,,,,,,,,,,,,,,
3401925350,Frenchtown Borough,Central,,,,,,,,,,,,,,,,,,,,,,,,,
3400125560,Galloway,Southern,,,,,,,,,,,,,,,,,,,,,,,,,
3400325770,Garfield,Northern,,,,,,,,,,,,,,,,,,,,,,,,,
3403925800,Garwood,Central,,,,,,,,,,,,,,,,,,,,,,,,,
3400726070,Gibbsboro,Southern,,,,,,,,,,,,,,,,,,,,,,,,,
3401526340,Glassboro,Southern,,,,,,,,,,,,,,,,,,,,,,,,,
3401926550,Glen Gardner Borough,Central,,,,,,,,,,,,,,,,,,,,,,,,,
3401326610,Glen Ridge,Central,,,,,,,,,,,,,,,,,,,,,,,,,
3400326640,Glen Rock,Northern,,,,,,,,,,,,,,,,,,,,,,,,,
3400726820,Gloucester City,Southern,,,,,,,,,,,,,,,,,,,,,,,,,
3400726760,Gloucester Township,Southern,,,,,,,,,,,,,,,,,,,,,,,,,
3403727420,Green,Northern,,,,,,,,,,,,,,,,,,,,,,,,,
3403527510,Green Brook,Central,,,,,,,,,,,,,,,,,,,,,,,,,
3401128170,Greenwich,Southern,,,,,,,,,,,,,,,,,,,,,,,,,
3401528185,"Greenwich, Gloucester Co.",Southern,,,,,,,,,,,,,,,,,,,,,,,,,
3404128260,"Greenwich, Warren Co.",Northern,,,,,,,,,,,,,,,,,,,,,,,,,
3401728650,Guttenberg,Central,,,,,,,,,,,,,,,,,,,,,,,,,
3400328680,Hackensack,Northern,,,,,,,,,,,,,,,,,,,,,,,,,
3404128710,Hackettstown,Northern,,,,,,,,,,,,,,,,,,,,,,,,,
3400728740,Haddon,Southern,,,,,,,,,,,,,,,,,,,,,,,,,
3400728800,Haddon Heights,Southern,,,,,,,,,,,,,,,,,,,,,,,,,
3400728770,Haddonfield,Southern,,,,,,,,,,,,,,,,,,,,,,,,,
3400529010,Hainesport,Southern,,,,,,,,,,,,,,,,,,,,,,,,,
3403129070,Haledon,Northern,,,,,,,,,,,,,,,,,,,,,,,,,
3403729220,Hamburg,Northern,,,,,,,,,,,,,,,,,,,,,,,,,
3400129280,"Hamilton, Atlantic Co.",Southern,,,,,,,,,,,,,,,,,,,,,,,,,
3402129310,"Hamilton, Mercer Co.",Southern,,,,,,,,,,,,,,,,,,,,,,,,,
3400129430,Hammonton,Southern,,,,,,,,,,,,,,,,,,,,,,,,,
3401929460,"Hampton, Hunterdon Co.",Central,,,,,,,,,,,,,,,,,,,,,,,,,
3403729490,"Hampton, Sussex Co.",Central,,,,,,,,,,,,,,,,,,,,,,,,,
3402729550,Hanover,Northern,,,,,,,,,,,,,,,,,,,,,,,,,
3402729700,Harding,Northern,,,,,,,,,,,,,,,,,,,,,,,,,
3404129820,Hardwick Township,Northern,,,,,,,,,,,,,,,,,,,,,,,,,
3403729850,Hardyston,Northern,,,,,,,,,,,,,,,,,,,,,,,,,
3404130090,Harmony,Northern,,,,,,,,,,,,,,,,,,,,,,,,,
3400330150,Harrington Park,Northern,,,,,,,,,,,,,,,,,,,,,,,,,
3401530180,"Harrison, Gloucester Co.",Southern,,,,,,,,,,,,,,,,,,,,,,,,,
3401730210,"Harrison, Hudson Co.",Central,,,,,,,,,,,,,,,,,,,,,,,,,
3402930390,Harvey Cedars Borough,Southern,,,,,,,,,,,,,,,,,,,,,,,,,
3400330420,Hasbrouck Heights,Northern,,,,,,,,,,,,,,,,,,,,,,,,,
3400330540,Haworth,Northern,,,,,,,,,,,,,,,,,,,,,,,,,
3403130570,Hawthorne,Northern,,,,,,,,,,,,,,,,,,,,,,,,,
3402530690,Hazlet,Southern,,,,,,,,,,,,,,,,,,,,,,,,,
3402330840,Helmetta,Central,,,,,,,,,,,,,,,,,,,,,,,,,
3400732220,Hi-Nella,Southern,,,,,,,,,,,,,,,,,,,,,,,,,
3401931320,High Bridge,Central,,,,,,,,,,,,,,,,,,,,,,,,,
3402331470,Highland Park,Central,,,,,,,,,,,,,,,,,,,,,,,,,
3402531500,Highlands,Southern,,,,,,,,,,,,,,,,,,,,,,,,,
3402131620,Hightstown,Southern,,,,,,,,,,,,,,,,,,,,,,,,,
3403531890,Hillsborough,Central,,,,,,,,,,,,,,,,,,,,,,,,,
3400331920,Hillsdale,Northern,,,,,,,,,,,,,,,,,,,,,,,,,
3403931980,Hillside,Central,,,,,,,,,,,,,,,,,,,,,,,,,
3400332310,Ho-Ho-Kus,Northern,,,,,,,,,,,,,,,,,,,,,,,,,
3401732250,Hoboken,Central,,,,,,,,,,,,,,,,,,,,,,,,,
3401932460,Holland,Central,,,,,,,,,,,,,,,,,,,,,,,,,
3402532640,Holmdel,Southern,,,,,,,,,,,,,,,,,,,,,,,,,
3403732910,Hopatcong,Northern,,,,,,,,,,,,,,,,,,,,,,,,,
3404133060,Hope,Northern,,,,,,,,,,,,,,,,,,,,,,,,,
3401133120,Hopewell,Southern,,,,,,,,,,,,,,,,,,,,,,,,,
3402133150,Hopewell Borough,Southern,,,,,,,,,,,,,,,,,,,,,,,,,
3402133180,Hopewell Township,Southern,,,,,,,,,,,,,,,,,,,,,,,,,
3402533300,Howell,Southern,,,,,,,,,,,,,,,,,,,,,,,,,
3404133930,Independence,Northern,,,,,,,,,,,,,,,,,,,,,,,,,
3402534200,Interlaken,Southern,,,,,,,,,,,,,,,,,,,,,,,,,
3401334450,Irvington,Central,,,,,,,,,,,,,,,,,,,,,,,,,
3402934530,Island Heights,Southern,,,,,,,,,,,,,,,,,,,,,,,,,
3402934680,Jackson,Southern,,,,,,,,,,,,,,,,,,,,,,,,,
3402334890,Jamesburg,Central,,,,,,,,,,,,,,,,,,,,,,,,,
3402734980,Jefferson,Northern,,,,,,,,,,,,,,,,,,,,,,,,,
3401736000,Jersey City,Central,,,,,,,,,,,,,,,,,,,,,,,,,
3402536480,Keansburg,Southern,,,,,,,,,,,,,,,,,,,,,,,,,
3401736510,Kearny,Central,,,,,,,,,,,,,,,,,,,,,,,,,
3403936690,Kenilworth,Central,,,,,,,,,,,,,,,,,,,,,,,,,
3402536810,Keyport,Southern,,,,,,,,,,,,,,,,,,,,,,,,,
3401937065,Kingwood,Central,,,,,,,,,,,,,,,,,,,,,,,,,
3402737110,Kinnelon,Northern,,,,,,,,,,,,,,,,,,,,,,,,,
3404137320,Knowlton Township,Northern,,,,,,,,,,,,,,,,,,,,,,,,,
3402937380,Lacey,Southern,,,,,,,,,,,,,,,,,,,,,,,,,
3403737440,Lafayette,Northern,,,,,,,,,,,,,,,,,,,,,,,,,
3402537560,Lake Como,Southern,,,,,,,,,,,,,,,,,,,,,,,,,
3402937770,Lakehurst,Southern,,,,,,,,,,,,,,,,,,,,,,,,,
3402938550,Lakewood,Southern,,,,,,,,,,,,,,,,,,,,,,,,,
3401938610,Lambertville,Central,,,,,,,,,,,,,,,,,,,,,,,,,
3400739210,Laurel Springs,Southern,,,,,,,,,,,,,,,,,,,,,,,,,
3402939390,Lavallette,Southern,,,,,,,,,,,,,,,,,,,,,,,,,
3400739420,Lawnside,Southern,,,,,,,,,,,,,,,,,,,,,,,,,
3402139510,Lawrence,Southern,,,,,,,,,,,,,,,,,,,,,,,,,
3401139450,Lawrence Township,Southern,,,,,,,,,,,,,,,,,,,,,,,,,
3401939630,Lebanon Borough,Central,,,,,,,,,,,,,,,,,,,,,,,,,
3401939660,Lebanon Township,Central,,,,,,,,,,,,,,,,,,,,,,,,,
3400340020,Leonia,Northern,,,,,,,,,,,,,,,,,,,,,,,,,
3404140110,Liberty Township,Northern,,,,,,,,,,,,,,,,,,,,,,,,,
3402740290,Lincoln Park,Northern,,,,,,,,,,,,,,,,,,,,,,,,,
3403940350,Linden,Central,,,,,,,,,,,,,,,,,,,,,,,,,
3400740440,Lindenwold,Southern,,,,,,,,,,,,,,,,,,,,,,,,,
3400140530,Linwood,Southern,,,,,,,,,,,,,,,,,,,,,,,,,
3402940560,Little Egg Harbor,Southern,,,,,,,,,,,,,,,,,,,,,,,,,
3403140620,Little Falls,Northern,,,,,,,,,,,,,,,,,,,,,,,,,
3400340680,Little Ferry,Northern,,,,,,,,,,,,,,,,,,,,,,,,,
3402540770,Little Silver,Southern,,,,,,,,,,,,,,,,,,,,,,,,,
3401340890,Livingston,Central,,,,,,,,,,,,,,,,,,,,,,,,,
3402541010,Loch Arbour Village,Southern,,,,,,,,,,,,,,,,,,,,,,,,,
3400341100,Lodi,Northern,,,,,,,,,,,,,,,,,,,,,,,,,
3401541160,Logan,Southern,,,,,,,,,,,,,,,,,,,,,,,,,
3402941250,Long Beach,Southern,,,,,,,,,,,,,,,,,,,,,,,,,
3402541310,Long Branch,Southern,,,,,,,,,,,,,,,,,,,,,,,,,
3402741362,Long Hill,Northern,,,,,,,,,,,,,,,,,,,,,,,,,
3400141370,Longport,Southern,,,,,,,,,,,,,,,,,,,,,,,,,
3404141490,Lopatcong,Northern,,,,,,,,,,,,,,,,,,,,,,,,,
3400941610,Lower,Southern,,,,,,,,,,,,,,,,,,,,,,,,,
3403341640,Lower Alloways Creek,Southern,,,,,,,,,,,,,,,,,,,,,,,,,
3400542060,Lumberton,Southern,,,,,,,,,,,,,,,,,,,,,,,,,
3400342090,Lyndhurst,Northern,,,,,,,,,,,,,,,,,,,,,,,,,
3402742510,Madison,Northern,,,,,,,,,,,,,,,,,,,,,,,,,
3400742630,Magnolia,Southern,,,,,,,,,,,,,,,,,,,,,,,,,
3400342750,Mahwah,Northern,,,,,,,,,,,,,,,,,,,,,,,,,
3402542990,Manalapan,Southern,,,,,,,,,,,,,,,,,,,,,,,,,
3402543050,Manasquan,Southern,,,,,,,,,,,,,,,,,,,,,,,,,
3402943140,Manchester,Southern,,,,,,,,,,,,,,,,,,,,,,,,,
3403343200,Mannington,Southern,,,,,,,,,,,,,,,,,,,,,,,,,
3400543290,"Mansfield, Burlington Co.",Southern,,,,,,,,,,,,,,,,,,,,,,,,,
3404143320,"Mansfield, Warren Co.",Northern,,,,,,,,,,,,,,,,,,,,,,,,,
3402943380,Mantoloking,Southern,,,,,,,,,,,,,,,,,,,,,,,,,
3401543440,Mantua,Southern,,,,,,,,,,,,,,,,,,,,,,,,,
3403543620,Manville,Central,,,,,,,,,,,,,,,,,,,,,,,,,
3400543740,Maple Shade,Southern,,,,,,,,,,,,,,,,,,,,,,,,,
3401343800,Maplewood,Central,,,,,,,,,,,,,,,,,,,,,,,,,
3400143890,Margate City,Southern,,,,,,,,,,,,,,,,,,,,,,,,,
3402544070,Marlboro,Southern,,,,,,,,,,,,,,,,,,,,,,,,,
3402544520,Matawan,Southern,,,,,,,,,,,,,,,,,,,,,,,,,
3401144580,Maurice River,Southern,,,,,,,,,,,,,,,,,,,,,,,,,
3400344880,Maywood,Northern,,,,,,,,,,,,,,,,,,,,,,,,,
3400545120,Medford,Southern,,,,,,,,,,,,,,,,,,,,,,,,,
3400545210,Medford Lakes,Southern,,,,,,,,,,,,,,,,,,,,,,,,,
3402745330,Mendham Borough,Northern,,,,,,,,,,,,,,,,,,,,,,,,,
3402745360,Mendham Township,Northern,,,,,,,,,,,,,,,,,,,,,,,,,
3400745510,Merchantville,Southern,,,,,,,,,,,,,,,,,,,,,,,,,
3402345690,Metuchen,Central,,,,,,,,,,,,,,,,,,,,,,,,,
3400945810,Middle,Southern,,,,,,,,,,,,,,,,,,,,,,,,,
3402345900,Middlesex,Central,,,,,,,,,,,,,,,,,,,,,,,,,
3402545990,Middletown,Southern,,,,,,,,,,,,,,,,,,,,,,,,,
3400346110,Midland Park,Northern,,,,,,,,,,,,,,,,,,,,,,,,,
3401946260,Milford Borough,Central,,,,,,,,,,,,,,,,,,,,,,,,,
3401346380,Millburn,Central,,,,,,,,,,,,,,,,,,,,,,,,,
3402546560,"Millstone, Monmouth Co.",Southern,,,,,,,,,,,,,,,,,,,,,,,,,
3403546590,"Millstone, Somerset Co.",Central,,,,,,,,,,,,,,,,,,,,,,,,,
3402346620,Milltown,Central,,,,,,,,,,,,,,,,,,,,,,,,,
3401146680,Millville,Southern,,,,,,,,,,,,,,,,,,,,,,,,,
3402746860,Mine Hill,Northern,,,,,,,,,,,,,,,,,,,,,,,,,
3402547130,Monmouth Beach,Southern,,,,,,,,,,,,,,,,,,,,,,,,,
3401547250,"Monroe, Gloucester Co.",Southern,,,,,,,,,,,,,,,,,,,,,,,,,
3402347280,"Monroe, Middlesex Co.",Central,,,,,,,,,,,,,,,,,,,,,,,,,
3403747430,Montague,Northern,,,,,,,,,,,,,,,,,,,,,,,,,
3401347500,Montclair,Central,,,,,,,,,,,,,,,,,,,,,,,,,
3403547580,Montgomery,Central,,,,,,,,,,,,,,,,,,,,,,,,,
3400347610,Montvale,Northern,,,,,,,,,,,,,,,,,,,,,,,,,
3402747670,Montville,Northern,,,,,,,,,,,,,,,,,,,,,,,,,
3400347700,Moonachie,Northern,,,,,,,,,,,,,,,,,,,,,,,,,
3400547880,Moorestown,Southern,,,,,,,,,,,,,,,,,,,,,,,,,
3402748090,Morris,Northern,,,,,,,,,,,,,,,,,,,,,,,,,
3402748210,Morris Plains,Northern,,,,,,,,,,,,,,,,,,,,,,,,,
3402748300,Morristown,Central,,,,,,,,,,,,,,,,,,,,,,,,,
3402748690,Mount Arlington,Northern,,,,,,,,,,,,,,,,,,,,,,,,,
3400748750,Mount Ephraim,Southern,,,,,,,,,,,,,,,,,,,,,,,,,
3400548900,Mount Holly,Southern,,,,,,,,,,,,,,,,,,,,,,,,,
3400549020,Mount Laurel,Southern,,,,,,,,,,,,,,,,,,,,,,,,,
3402749080,Mount Olive,Northern,,,,,,,,,,,,,,,,,,,,,,,,,
3402748480,Mountain Lakes,Northern,,,,,,,,,,,,,,,,,,,,,,,,,
3403948510,Mountainside,Central,,,,,,,,,,,,,,,,,,,,,,,,,
3400149410,Mullica,Southern,,,,,,,,,,,,,,,,,,,,,,,,,
3401549680,National Park,Southern,,,,,,,,,,,,,,,,,,,,,,,,,
3402549920,Neptune City,Southern,,,,,,,,,,,,,,,,,,,,,,,,,
3402549890,Neptune Township,Southern,,,,,,,,,,,,,,,,,,,,,,,,,
3402750130,Netcong,Northern,,,,,,,,,,,,,,,,,,,,,,,,,
3402351210,New Brunswick,Central,,,,,,,,,,,,,,,,,,,,,,,,,
3400551510,New Hanover,Southern,,,,,,,,,,,,,,,,,,,,,,,,,
3400351660,New Milford,Northern,,,,,,,,,,,,,,,,,,,,,,,,,
3403951810,New Providence,Central,,,,,,,,,,,,,,,,,,,,,,,,,
3401351000,Newark,Central,,,,,,,,,,,,,,,,,,,,,,,,,
3401551390,Newfield,Southern,,,,,,,,,,,,,,,,,,,,,,,,,
3403751930,Newton,Northern,,,,,,,,,,,,,,,,,,,,,,,,,
3400352320,North Arlington,Northern,,,,,,,,,,,,,,,,,,,,,,,,,
3401752470,North Bergen,Central,,,,,,,,,,,,,,,,,,,,,,,,,
3402352560,North Brunswick,Central,,,,,,,,,,,,,,,,,,,,,,,,,
3401352620,North Caldwell,Central,,,,,,,,,,,,,,,,,,,,,,,,,
3403153040,North Haledon,Northern,,,,,,,,,,,,,,,,,,,,,,,,,
3400553070,North Hanover,Southern,,,,,,,,,,,,,,,,,,,,,,,,,
3403553280,North Plainfield,Central,,,,,,,,,,,,,,,,,,,,,,,,,
3400953490,North Wildwood,Southern,,,,,,,,,,,,,,,,,,,,,,,,,
3400152950,Northfield,Southern,,,,,,,,,,,,,,,,,,,,,,,,,
3400353430,Northvale,Northern,,,,,,,,,,,,,,,,,,,,,,,,,
3400353610,Norwood,Northern,,,,,,,,,,,,,,,,,,,,,,,,,
3401353680,Nutley,Central,,,,,,,,,,,,,,,,,,,,,,,,,
3400353850,Oakland,Northern,,,,,,,,,,,,,,,,,,,,,,,,,
3400753880,Oaklyn,Southern,,,,,,,,,,,,,,,,,,,,,,,,,
3402554270,Ocean City,Southern,,,,,,,,,,,,,,,,,,,,,,,,,
3402954300,Ocean Gate,Southern,,,,,,,,,,,,,,,,,,,,,,,,,
3400954360,"Ocean, Monmouth Co.",Southern,,,,,,,,,,,,,,,,,,,,,,,,,
3402954450,"Ocean, Ocean Co.",Southern,,,,,,,,,,,,,,,,,,,,,,,,,
3402554570,Oceanport,Southern,,,,,,,,,,,,,,,,,,,,,,,,,
3403754660,Ogdensburg,Northern,,,,,,,,,,,,,,,,,,,,,,,,,
3402354705,Old Bridge,Central,,,,,,,,,,,,,,,,,,,,,,,,,
3400354870,Old Tappan,Northern,,,,,,,,,,,,,,,,,,,,,,,,,
3403354810,Oldmans,Southern,,,,,,,,,,,,,,,,,,,,,,,,,
3400354990,Oradell,Northern,,,,,,,,,,,,,,,,,,,,,,,,,
3404155530,Oxford,Northern,,,,,,,,,,,,,,,,,,,,,,,,,
3400355770,Palisades Park,Northern,,,,,,,,,,,,,,,,,,,,,,,,,
3400555800,Palmyra,Southern,,,,,,,,,,,,,,,,,,,,,,,,,
3400355950,Paramus,Northern,,,,,,,,,,,,,,,,,,,,,,,,,
3400356130,Park Ridge,Northern,,,,,,,,,,,,,,,,,,,,,,,,,
3402756460,Parsippany-Troy Hills,Northern,,,,,,,,,,,,,,,,,,,,,,,,,
3403156550,Passaic,Northern,,,,,,,,,,,,,,,,,,,,,,,,,
3403157000,Paterson,Northern,,,,,,,,,,,,,,,,,,,,,,,,,
3401557150,Paulsboro,Southern,,,,,,,,,,,,,,,,,,,,,,,,,
3403557300,Peapack and Gladstone,Central,,,,,,,,,,,,,,,,,,,,,,,,,
3400557480,Pemberton Borough,Southern,,,,,,,,,,,,,,,,,,,,,,,,,
3400557510,Pemberton Township,Southern,,,,,,,,,,,,,,,,,,,,,,,,,
3402157600,Pennington,Southern,,,,,,,,,,,,,,,,,,,,,,,,,
3403357750,Penns Grove,Southern,,,,,,,,,,,,,,,,,,,,,,,,,
3400757660,Pennsauken,Southern,,,,,,,,,,,,,,,,,,,,,,,,,
3403357870,Pennsville,Southern,,,,,,,,,,,,,,,,,,,,,,,,,
3402758110,Pequannock,Northern,,,,,,,,,,,,,,,,,,,,,,,,,
3402358200,Perth Amboy,Central,,,,,,,,,,,,,,,,,,,,,,,,,
3404158350,Phillipsburg,Northern,,,,,,,,,,,,,,,,,,,,,,,,,
3403358530,Pilesgrove,Southern,,,,,,,,,,,,,,,,,,,,,,,,,
3402958590,Pine Beach,Southern,,,,,,,,,,,,,,,,,,,,,,,,,
3400758770,Pine Hill,Southern,,,,,,,,,,,,,,,,,,,,,,,,,
3400758920,Pine Valley,Southern,,,,,,,,,,,,,,,,,,,,,,,,,
3402359010,Piscataway,Central,,,,,,,,,,,,,,,,,,,,,,,,,
3401559070,Pitman,Southern,,,,,,,,,,,,,,,,,,,,,,,,,
3403359130,Pittsgrove,Southern,,,,,,,,,,,,,,,,,,,,,,,,,
3403959190,Plainfield,Central,,,,,,,,,,,,,,,,,,,,,,,,,
3402359280,Plainsboro,Central,,,,,,,,,,,,,,,,,,,,,,,,,
3400159640,Pleasantville,Southern,,,,,,,,,,,,,,,,,,,,,,,,,
3402959790,Plumsted,Southern,,,,,,,,,,,,,,,,,,,,,,,,,
3404159820,Pohatcong,Northern,,,,,,,,,,,,,,,,,,,,,,,,,
3402959880,Point Pleasant,Southern,,,,,,,,,,,,,,,,,,,,,,,,,
3402959910,Point Pleasant Beach,Southern,,,,,,,,,,,,,,,,,,,,,,,,,
3403160090,Pompton Lakes,Northern,,,,,,,,,,,,,,,,,,,,,,,,,
3400160600,Port Republic City,Southern,,,,,,,,,,,,,,,,,,,,,,,,,
3402160900,Princeton,Southern,,,,,,,,,,,,,,,,,,,,,,,,,
3403161170,Prospect Park,Northern,,,,,,,,,,,,,,,,,,,,,,,,,
3403361470,Quinton,Southern,,,,,,,,,,,,,,,,,,,,,,,,,
3403961530,Rahway,Central,,,,,,,,,,,,,,,,,,,,,,,,,
3400361680,Ramsey,Northern,,,,,,,,,,,,,,,,,,,,,,,,,
3402761890,Randolph,Northern,,,,,,,,,,,,,,,,,,,,,,,,,
3401961920,"Raritan, Hunterdon Co.",Central,,,,,,,,,,,,,,,,,,,,,,,,,
3403561980,"Raritan, Somerset Co.",Central,,,,,,,,,,,,,,,,,,,,,,,,,
3401962250,Readington,Central,,,,,,,,,,,,,,,,,,,,,,,,,
3402562430,Red Bank,Southern,,,,,,,,,,,,,,,,,,,,,,,,,
3400362910,Ridgefield,Northern,,,,,,,,,,,,,,,,,,,,,,,,,
3400362940,Ridgefield Park,Northern,,,,,,,,,,,,,,,,,,,,,,,,,
3400363000,Ridgewood,Northern,,,,,,,,,,,,,,,,,,,,,,,,,
3403163150,Ringwood,Northern,,,,,,,,,,,,,,,,,,,,,,,,,
3400363360,River Edge,Northern,,,,,,,,,,,,,,,,,,,,,,,,,
3400363690,River Vale,Northern,,,,,,,,,,,,,,,,,,,,,,,,,
3402763300,Riverdale,Northern,,,,,,,,,,,,,,,,,,,,,,,,,
3400563510,Riverside,Southern,,,,,,,,,,,,,,,,,,,,,,,,,
3400563660,Riverton,Southern,,,,,,,,,,,,,,,,,,,,,,,,,
3402163850,Robbinsville,Southern,,,,,,,,,,,,,,,,,,,,,,,,,
3400363990,Rochelle Park,Northern,,,,,,,,,,,,,,,,,,,,,,,,,
3402764050,Rockaway Borough,Central,,,,,,,,,,,,,,,,,,,,,,,,,
3402764080,Rockaway Township,Northern,,,,,,,,,,,,,,,,,,,,,,,,,
3400364170,Rockleigh Borough,Northern,,,,,,,,,,,,,,,,,,,,,,,,,
3403564320,Rocky Hill,Central,,,,,,,,,,,,,,,,,,,,,,,,,
3402564410,Roosevelt,Southern,,,,,,,,,,,,,,,,,,,,,,,,,
3401364590,Roseland,Central,,,,,,,,,,,,,,,,,,,,,,,,,
3403964620,Roselle,Central,,,,,,,,,,,,,,,,,,,,,,,,,
3403964650,Roselle Park,Central,,,,,,,,,,,,,,,,,,,,,,,,,
3402764980,Roxbury,Northern,,,,,,,,,,,,,,,,,,,,,,,,,
3402565130,Rumson,Southern,,,,,,,,,,,,,,,,,,,,,,,,,
3400765160,Runnemede,Southern,,,,,,,,,,,,,,,,,,,,,,,,,
3400365280,Rutherford,Northern,,,,,,,,,,,,,,,,,,,,,,,,,
3400365340,Saddle Brook,Northern,,,,,,,,,,,,,,,,,,,,,,,,,
3400365400,Saddle River,Northern,,,,,,,,,,,,,,,,,,,,,,,,,
3403365490,Salem,Southern,,,,,,,,,,,,,,,,,,,,,,,,,
3403765700,Sandyston,Northern,,,,,,,,,,,,,,,,,,,,,,,,,
3402365790,Sayreville,Central,,,,,,,,,,,,,,,,,,,,,,,,,
3403966060,Scotch Plains,Central,,,,,,,,,,,,,,,,,,,,,,,,,
3402566240,Sea Bright,Southern,,,,,,,,,,,,,,,,,,,,,,,,,
3402566330,Sea Girt,Southern,,,,,,,,,,,,,,,,,,,,,,,,,
3400966390,Sea Isle City,Southern,,,,,,,,,,,,,,,,,,,,,,,,,
3402966450,Seaside Heights Borough,Southern,,,,,,,,,,,,,,,,,,,,,,,,,
3402966480,Seaside Park,Southern,,,,,,,,,,,,,,,,,,,,,,,,,
3401766570,Secaucus,Central,,,,,,,,,,,,,,,,,,,,,,,,,
3400566810,Shamong,Southern,,,,,,,,,,,,,,,,,,,,,,,,,
3401167020,Shiloh Borough,Southern,,,,,,,,,,,,,,,,,,,,,,,,,
3402967110,Ship Bottom,Southern,,,,,,,,,,,,,,,,,,,,,,,,,
3402567350,Shrewsbury Borough,Southern,,,,,,,,,,,,,,,,,,,,,,,,,
3402567365,Shrewsbury Township,Southern,,,,,,,,,,,,,,,,,,,,,,,,,
3400768340,Somerdale,Southern,,,,,,,,,,,,,,,,,,,,,,,,,
3400168430,Somers Point,Southern,,,,,,,,,,,,,,,,,,,,,,,,,
3403568460,Somerville,Central,,,,,,,,,,,,,,,,,,,,,,,,,
3402368550,South Amboy,Central,,,,,,,,,,,,,,,,,,,,,,,,,
3403568730,South Bound Brook,Central,,,,,,,,,,,,,,,,,,,,,,,,,
3402368790,South Brunswick,Central,,,,,,,,,,,,,,,,,,,,,,,,,
3400368970,South Hackensack Township,Northern,,,,,,,,,,,,,,,,,,,,,,,,,
3401569030,South Harrison,Southern,,,,,,,,,,,,,,,,,,,,,,,,,
3401369274,South Orange Village,Central,,,,,,,,,,,,,,,,,,,,,,,,,
3402369390,South Plainfield,Central,,,,,,,,,,,,,,,,,,,,,,,,,
3402369420,South River,Central,,,,,,,,,,,,,,,,,,,,,,,,,
3402969510,South Toms River,Southern,,,,,,,,,,,,,,,,,,,,,,,,,
3400568610,Southampton,Southern,,,,,,,,,,,,,,,,,,,,,,,,,
3403769690,Sparta,Northern,,,,,,,,,,,,,,,,,,,,,,,,,
3402369810,Spotswood,Central,,,,,,,,,,,,,,,,,,,,,,,,,
3402570110,Spring Lake,Southern,,,,,,,,,,,,,,,,,,,,,,,,,
3402570140,Spring Lake Heights,Southern,,,,,,,,,,,,,,,,,,,,,,,,,
3400569990,"Springfield, Burlington Co.",Southern,,,,,,,,,,,,,,,,,,,,,,,,,
3403970020,"Springfield, Union Co.",Central,,,,,,,,,,,,,,,,,,,,,,,,,
3402970320,Stafford,Southern,,,,,,,,,,,,,,,,,,,,,,,,,
3403770380,Stanhope,Northern,,,,,,,,,,,,,,,,,,,,,,,,,
3403770890,Stillwater,Northern,,,,,,,,,,,,,,,,,,,,,,,,,
3401970980,Stockton Borough,Central,,,,,,,,,,,,,,,,,,,,,,,,,
3400971010,Stone Harbor Borough,Southern,,,,,,,,,,,,,,,,,,,,,,,,,
3401171160,Stow Creek,Southern,,,,,,,,,,,,,,,,,,,,,,,,,
3400771220,Stratford,Southern,,,,,,,,,,,,,,,,,,,,,,,,,
3403971430,Summit,Central,,,,,,,,,,,,,,,,,,,,,,,,,
3402971640,Surf City Borough,Southern,,,,,,,,,,,,,,,,,,,,,,,,,
3403771670,Sussex,Northern,,,,,,,,,,,,,,,,,,,,,,,,,
3401571850,Swedesboro,Southern,,,,,,,,,,,,,,,,,,,,,,,,,
3400572060,Tabernacle,Southern,,,,,,,,,,,,,,,,,,,,,,,,,
3400772240,Tavistock,Southern,,,,,,,,,,,,,,,,,,,,,,,,,
3400372360,Teaneck,Northern,,,,,,,,,,,,,,,,,,,,,,,,,
3400372420,Tenafly,Northern,,,,,,,,,,,,,,,,,,,,,,,,,
3400372480,Teterboro,Northern,,,,,,,,,,,,,,,,,,,,,,,,,
3401972510,Tewksbury,Central,,,,,,,,,,,,,,,,,,,,,,,,,
3402573020,Tinton Falls,Southern,,,,,,,,,,,,,,,,,,,,,,,,,
3402973125,Toms River,Southern,,,,,,,,,,,,,,,,,,,,,,,,,
3403173140,Totowa,Northern,,,,,,,,,,,,,,,,,,,,,,,,,
3402174000,Trenton,Southern,,,,,,,,,,,,,,,,,,,,,,,,,
3402974210,Tuckerton,Southern,,,,,,,,,,,,,,,,,,,,,,,,,
3402574540,Union Beach,Southern,,,,,,,,,,,,,,,,,,,,,,,,,
3401774630,Union City,Central,,,,,,,,,,,,,,,,,,,,,,,,,
3401974420,"Union, Hunterdon Co.",Central,,,,,,,,,,,,,,,,,,,,,,,,,
3403974480,"Union, Union Co.",Central,,,,,,,,,,,,,,,,,,,,,,,,,
3400974810,Upper,Southern,,,,,,,,,,,,,,,,,,,,,,,,,
3401174870,Upper Deerfield,Southern,,,,,,,,,,,,,,,,,,,,,,,,,
3402574900,Upper Freehold,Southern,,,,,,,,,,,,,,,,,,,,,,,,,
3403375110,Upper Pittsgrove,Southern,,,,,,,,,,,,,,,,,,,,,,,,,
3400375140,Upper Saddle River,Northern,,,,,,,,,,,,,,,,,,,,,,,,,
3400175620,Ventnor City,Southern,,,,,,,,,,,,,,,,,,,,,,,,,
3403775740,Vernon,Northern,,,,,,,,,,,,,,,,,,,,,,,,,
3401375815,Verona,Central,,,,,,,,,,,,,,,,,,,,,,,,,
3402775890,Victory Gardens,Northern,,,,,,,,,,,,,,,,,,,,,,,,,
3401176070,Vineland,Southern,,,,,,,,,,,,,,,,,,,,,,,,,
3400776220,Voorhees,Southern,,,,,,,,,,,,,,,,,,,,,,,,,
3400376400,Waldwick,Northern,,,,,,,,,,,,,,,,,,,,,,,,,
3402576460,Wall,Southern,,,,,,,,,,,,,,,,,,,,,,,,,
3400376490,Wallington,Northern,,,,,,,,,,,,,,,,,,,,,,,,,
3403776640,Walpack Township,Northern,,,,,,,,,,,,,,,,,,,,,,,,,
3403176730,Wanaque,Northern,,,,,,,,,,,,,,,,,,,,,,,,,
3403776790,Wantage,Northern,,,,,,,,,,,,,,,,,,,,,,,,,
3403576940,Warren,Central,,,,,,,,,,,,,,,,,,,,,,,,,
3400577150,Washington Borough,Northern,,,,,,,,,,,,,,,,,,,,,,,,,
3401577180,"Washington Township, Bergen Co.",Northern,,,,,,,,,,,,,,,,,,,,,,,,,
3402777240,"Washington Township, Warren Co.",Northern,,,,,,,,,,,,,,,,,,,,,,,,,
3404177270,"Washington, Burlington Co.",Southern,,,,,,,,,,,,,,,,,,,,,,,,,
3400377135,"Washington, Gloucester Co.",Southern,,,,,,,,,,,,,,,,,,,,,,,,,
3404177300,"Washington, Morris Co.",Northern,,,,,,,,,,,,,,,,,,,,,,,,,
3403577600,Watchung,Central,,,,,,,,,,,,,,,,,,,,,,,,,
3400777630,Waterford Township,Southern,,,,,,,,,,,,,,,,,,,,,,,,,
3403177840,Wayne,Northern,,,,,,,,,,,,,,,,,,,,,,,,,
3401777930,Weehawken,Central,,,,,,,,,,,,,,,,,,,,,,,,,
3401578110,Wenonah,Southern,,,,,,,,,,,,,,,,,,,,,,,,,
3401978230,West Amwell,Central,,,,,,,,,,,,,,,,,,,,,,,,,
3401378510,West Caldwell,Central,,,,,,,,,,,,,,,,,,,,,,,,,
3400978530,West Cape May,Southern,,,,,,,,,,,,,,,,,,,,,,,,,
3401578800,West Deptford,Southern,,,,,,,,,,,,,,,,,,,,,,,,,
3402579310,West Long Branch,Southern,,,,,,,,,,,,,,,,,,,,,,,,,
3403179460,West Milford,Northern,,,,,,,,,,,,,,,,,,,,,,,,,
3401779610,West New York,Central,,,,,,,,,,,,,,,,,,,,,,,,,
3401379800,West Orange,Central,,,,,,,,,,,,,,,,,,,,,,,,,
3400980210,West Wildwood Borough,Southern,,,,,,,,,,,,,,,,,,,,,,,,,
3402180240,West Windsor,Southern,,,,,,,,,,,,,,,,,,,,,,,,,
3400578200,Westampton,Southern,,,,,,,,,,,,,,,,,,,,,,,,,
3403979040,Westfield,Central,,,,,,,,,,,,,,,,,,,,,,,,,
3401580120,Westville,Southern,,,,,,,,,,,,,,,,,,,,,,,,,
3400380270,Westwood,Northern,,,,,,,,,,,,,,,,,,,,,,,,,
3400180330,Weymouth Township,Southern,,,,,,,,,,,,,,,,,,,,,,,,,
3402780390,Wharton,Northern,,,,,,,,,,,,,,,,,,,,,,,,,
3404180570,White,Northern,,,,,,,,,,,,,,,,,,,,,,,,,
3400981170,Wildwood,Southern,,,,,,,,,,,,,,,,,,,,,,,,,
3400981200,Wildwood Crest,Southern,,,,,,,,,,,,,,,,,,,,,,,,,
3400581440,Willingboro,Southern,,,,,,,,,,,,,,,,,,,,,,,,,
3403981650,Winfield,Central,,,,,,,,,,,,,,,,,,,,,,,,,
3400781740,Winslow,Southern,,,,,,,,,,,,,,,,,,,,,,,,,
3400382570,Wood-Ridge,Northern,,,,,,,,,,,,,,,,,,,,,,,,,
3400981890,Woodbine,Southern,,,,,,,,,,,,,,,,,,,,,,,,,
3402382000,Woodbridge,Central,,,,,,,,,,,,,,,,,,,,,,,,,
3401582120,Woodbury,Southern,,,,,,,,,,,,,,,,,,,,,,,,,
3401582180,Woodbury Heights,Southern,,,,,,,,,,,,,,,,,,,,,,,,,
3400382300,Woodcliff Lake,Northern,,,,,,,,,,,,,,,,,,,,,,,,,
3400582420,Woodland,Southern,,,,,,,,,,,,,,,,,,,,,,,,,
3403182423,Woodland Park,Northern,,,,,,,,,,,,,,,,,,,,,,,,,
3400782450,Woodlynne,Southern,,,,,,,,,,,,,,,,,,,,,,,,,
3403382720,Woodstown,Southern,,,,,,,,,,,,,,,,,,,,,,,,,
3401582840,Woolwich,Southern,,,,,,,,,,,,,,,,,,,,,,,,,
3400582960,Wrightstown,Southern,,,,,,,,,,,,,,,,,,,,,,,,,
3400383050,Wyckoff,Northern,,,,,,,,,,,,,,,,,,,,,,,,,
